Buch;Unit;Thema;Deutsch;Englisch
IT Matters;1 - My company;Company;Grundlage;foundation
IT Matters;1 - My company;Company;Unternehmen;company
IT Matters;1 - My company;Company;Portät, Beschreibung, Profil;profile
IT Matters;1 - My company;Company;Auszubildender, Auszubildende, Lehrling;apprentice
IT Matters;1 - My company;Company;IT-Kaufmann, IT-Kauffrau;IT administrator
IT Matters;1 - My company;Company;Auszubildender, Auszubildende, Praktikant, Praktikantin;trainee
IT Matters;1 - My company;Company;aus dem Ausland;from abroad
IT Matters;1 - My company;Company;Netzwerk;network
IT Matters;1 - My company;Company;Bauteil, Bauelement;component
IT Matters;1 - My company;Company;Hersteller, Produzent;producer
IT Matters;1 - My company;Company;Gerät, Apparat;device
IT Matters;1 - My company;Company;Verbindung, Anschluss;connection
IT Matters;1 - My company;Company;Zentrale, Hauptsitz;head office
IT Matters;1 - My company;Company;gründen;to found
IT Matters;1 - My company;Company;Familienunternehmen;family business 
IT Matters;1 - My company;Company;führen;to run 
IT Matters;1 - My company;Company;Aufbau, Struktur;structure
IT Matters;1 - My company;Company;Vorsitzender;chairman
IT Matters;1 - My company;Company;Aufsichtsrat;board
IT Matters;1 - My company;Company;Gesellschafter, Teilhaber; partner
IT Matters;1 - My company;Company;Finanz, Finanzen;finance
IT Matters;1 - My company;Company;Einkauf;purchasing
IT Matters;1 - My company;Company;Verkauf, Vertrieb;sales
IT Matters;1 - My company;Company;jemanden beschäftigen;to employ
IT Matters;1 - My company;Company;einschließlich;including
IT Matters;1 - My company;Company;entwickeln;to develop
IT Matters;1 - My company;Company;fertigen, herstellen;to manufacture
IT Matters;1 - My company;Company;Kabel;cable
IT Matters;1 - My company;Company;Verbinder, Stecker;connector
IT Matters;1 - My company;Company;Maschinenbau;mechanical engineering
IT Matters;1 - My company;Company;Fabrik, Werk;factory
IT Matters;1 - My company;Company;Automatisierung, Automation;automation
IT Matters;1 - My company;Company;Datenverarbeitung;data processing
IT Matters;1 - My company;Company;Industrieelektronik;industrial electronics
IT Matters;1 - My company;Company;Fernmeldetechnik, Telekommunikation;telecommunication
IT Matters;1 - My company;Company;Berufausbildung;vocational training
IT Matters;1 - My company;Company;Lehre, Ausbildung;apprenticeship
IT Matters;1 - My company;Company;Rolle, Funktion;role
IT Matters;1 - My company;Company;Überschrift;headline
IT Matters;1 - My company;Company;gemäß, entsprechend, zufolge;according to
IT Matters;1 - My company;Company;internationaler Konzern, multinationaler Konzern;multinational company
IT Matters;1 - My company;Company;bekannt;well-known
IT Matters;1 - My company;Company;Produktion, Fertigung, Herstellung;production
IT Matters;1 - My company;Company;Sektor, Bereich, Branche;sector
IT Matters;1 - My company;Company;Raster;grid
IT Matters;1 - My company;Company;Größe;size
IT Matters;1 - My company;Company;mittelgroß, mittelständisch;medium-sized
IT Matters;1 - My company;Company;Lösung;solution
IT Matters;1 - My company;Company;Bau;construction
IT Matters;1 - My company;Company;Bauwesen;building
IT Matters;1 - My company;Company;Dienst, Dienstleistung;service
IT Matters;1 - My company;Company;Geräte, Ausstattung;equipment
IT Matters;1 - My company;Company;Händler, Händlerin;dealer
IT Matters;1 - My company;Company;Ausbildung;training
IT Matters;1 - My company;Company;Automobil;automotive
IT Matters;1 - My company;Company;medizinisch;medical
IT Matters;1 - My company;Company;behandeln;to cover
IT Matters;1 - My company;Company;Angestellte, Angestellter, Beschäftigte, Beschäftigter;employee
IT Matters;1 - My company;Company;Zielgruppe;target group
IT Matters;1 - My company;Company;Wettbewerber, Wettbewerberin, Konkurrent, Konkurrentin;competitor
IT Matters;1 - My company;Company;alleine;on one's own
IT Matters;1 - My company;Company;aufbauen, strukturieren;to structure
IT Matters;1 - My company;Company;bereit, vorbereitet;prepared
IT Matters;1 - My company;Company;Publikum;audience
IT Matters;1 - My company;Company;Raumaufteilung, Plan;layout
IT Matters;1 - My company;Company;Niederlassung;subsidiary
IT Matters;1 - My company;Company;Einführung, Einarbeitung;induction
IT Matters;1 - My company;Company;Ausbildungsbetrieb;training company
IT Matters;1 - My company;Company;Gelände, Räumlichkeiten;premise
IT Matters;1 - My company;Company;Einführungsseminar;introductory course
IT Matters;1 - My company;Company;erklären, erläutern;to explain
IT Matters;1 - My company;Company;Rechtsabteilung;legal department
IT Matters;1 - My company;Company;Personalabteilung;Human Resources 
IT Matters;1 - My company;Company;Forschung und Entwicklung;R&D 
IT Matters;1 - My company;Company;Entwicklung;development
IT Matters;1 - My company;Company;Hilfe, Unterstützung, Betreuung, Kundendienst, Support;support
IT Matters;1 - My company;Company;Qualitätssicherung;quality assurance
IT Matters;1 - My company;Company;Kundendienst;customer service
IT Matters;1 - My company;Company;Empfang, Rezeption;reception
IT Matters;1 - My company;Company;Aufzug, Lift;elevator
IT Matters;1 - My company;Company;Erdgeschoss;ground floor
IT Matters;1 - My company;Company;für etwas Werbung machen, bewerben;to promote something
IT Matters;1 - My company;Company;etwas steigern, etwas erhöhen;to increase something
IT Matters;1 - My company;Company;sicherstellen, gewährleisten;to make sure
IT Matters;1 - My company;Company;Normen erfüllen;to meet standards
IT Matters;1 - My company;Company;einstellen;to recruit
IT Matters;1 - My company;Company;mit jemanden ein Vorstellungsgespräche führen;to interview somebody
IT Matters;1 - My company;Company;Zusatzleistungen, Sozialleistungen;benefits
IT Matters;1 - My company;Company;intern ;internal 
IT Matters;1 - My company;Company;extern ;external
IT Matters;1 - My company;Company;juristische Fragen, Rechtsangelegenheiten;legal issues
IT Matters;1 - My company;Company;warten, instand halten;to maintain
IT Matters;1 - My company;Company;firmeneigen;company-owned
IT Matters;1 - My company;Company;erstellen, gestalten;to create
IT Matters;1 - My company;Company;dokumentieren;to document
IT Matters;1 - My company;Company;Fehler beseitigen, debuggen, entkäfern;to debug
IT Matters;1 - My company;Company;innovativ;innovative 
IT Matters;1 - My company;Company;bestehend, existierend;existing 
IT Matters;1 - My company;Company;Art, Weise, Methode;method
IT Matters;1 - My company;Company;etwas beantworten, auf etwas antworten;to reply to something
IT Matters;1 - My company;Company;Beschwerde, Reklamation;complaint
IT Matters;1 - My company;Company;Führung;guided tour
IT Matters;1 - My company;Company;Rundgang;tour
IT Matters;1 - My company;Company;sich befinden;to be located
IT Matters;1 - My company;Company;führen;to lead
IT Matters;1 - My company;Company;Flur, Gang;corridor
IT Matters;1 - My company;Company;Firmenausweis, Zugangskarte;security pass
IT Matters;1 - My company;Company;Sicherheitsschleuse, Sicherheitstür;security doors
IT Matters;1 - My company;Company;Treppe;stairs
IT Matters;1 - My company;Company;Großraumbüro;open-plan office
IT Matters;1 - My company;Company;sich ruhig verhalten;to keep quiet
IT Matters;1 - My company;Company;stören;to disturb
IT Matters;1 - My company;Company;etwas ausmachen, etwas in Anspruch nehmen;to take up something
IT Matters;1 - My company;Company;sich erstrecken, sich ausdehnen;to extend
IT Matters;1 - My company;Company;weitermachen, fortfahren;to continue
IT Matters;1 - My company;Company;geradeaus;straight ahead
IT Matters;1 - My company;Company;Gang, Weg;walkway
IT Matters;1 - My company;Company;schließlich, zum Schluss;lastly
IT Matters;1 - My company;Company;Wegbeschreibung;directions
IT Matters;1 - My company;Company;den Weg beschreiben;to give direction
IT Matters;1 - My company;Company;tauschen;to swap
IT Matters;1 - My company;Company;jemanden herumführen;to show somebody  around
IT Matters;1 - My company;Company;Grundriss, Lageplan;floor plan
IT Matters;1 - My company;Company;Vorstandsvorsitzende/r, Geschäftsführer/in;CEO 
IT Matters;1 - My company;Company;Aufgabe, Zuständigkeit, Verantwortlichkeit;responsibility
IT Matters;1 - My company;Company;Gesamt, allgemein;overall
IT Matters;1 - My company;Company;Ziel ;goal
IT Matters;1 - My company;Company;Strategie;strategy
IT Matters;1 - My company;Company;jemanden unterstehen;to report to somebody
IT Matters;1 - My company;Company;sich um etwas kümmern;to deal with something
IT Matters;1 - My company;Company;Systemarchitektur;system architecture
IT Matters;1 - My company;Company;Plattform;platform
IT Matters;1 - My company;Company;Systemanalyse;system analysis
IT Matters;1 - My company;Company;maximieren;to maximize
IT Matters;1 - My company;Company;Nutzen, Vorteile;benefit 
IT Matters;1 - My company;Company;Kunde, Kundin;client
IT Matters;1 - My company;Company;etwas nutzen, etwas bestmöglich nutzen;to make the most of something
IT Matters;1 - My company;Company;führen, leiten, vorgesetzt sein;to supervise
IT Matters;1 - My company;Company;mit jemanden zusammenarbeiten;to liaise with somebody
IT Matters;1 - My company;Company;rechtzeitig, pünktlich;on time
IT Matters;1 - My company;Company;Softwareentwicklung;software engineering
IT Matters;1 - My company;Company;Prüfung, Erprobung;testing
IT Matters;1 - My company;Company;veröffentlichen, herausgeben;to release
IT Matters;1 - My company;Company;für etwas zuständig sein, für etwas verantwortlich sein;to be in charge of something
IT Matters;1 - My company;Company;ausführen;to perform
IT Matters;1 - My company;Company;täglich;daily
IT Matters;1 - My company;Company;bei etwas mitmachen, zu etwas stoßen;to join something
IT Matters;1 - My company;Company;Abrechnung, Rechnungsstellung;billing
IT Matters;1 - My company;Company;analysieren;to analyse
IT Matters;1 - My company;Company;Anforderungen, Bedürfnisse, Wünsche;requirements
IT Matters;1 - My company;Company;leitend;senior
IT Matters;1 - My company;Company;ineinandergreifen;to integrate with one another
IT Matters;1 - My company;Company;Ideen, Anregungen;input
IT Matters;1 - My company;Company;Chefentwickler, Hauptentwickler, Chefentwicklerin, Hauptentwicklerin;lead-developer
IT Matters;1 - My company;Company;Entwickler, Entwicklerin;developer
IT Matters;1 - My company;Company;Mit freundlichen Grüßen;Regards
IT Matters;1 - My company;Company;hervorheben;to highlight
IT Matters;1 - My company;Company;einbeziehen, aufnehmen;to include
IT Matters;1 - My company;Company;Organigramm;organization chart
IT Matters;1 - My company;Company;Stellenbezeichnung;job title
IT Matters;1 - My company;Company;Mitglied;member
IT Matters;1 - My company;Company;Bekanntmachung, Vorstellen;introductions
IT Matters;1 - My company;Company;Sitz in;based in
IT Matters;1 - My company;Company;Technik, Ingenieurwissenschaften, Maschinenbau;engineering
IT Matters;1 - My company;Company;Ausbildungsleiter, Ausbildungsleiterin, Abteilungsleiter, Abteilungsleiterin, Vorgesetzter, Vorgesetzte ;supervisor
IT Matters;1 - My company;Company;Kollege, Kollegin;colleague
IT Matters;1 - My company;Company;computergestützt;computerized
IT Matters;1 - My company;Company;Personal ;personnel
IT Matters;1 - My company;Company;Personalakte;personnel file
IT Matters;1 - My company;Company;Geburtsort;place of birth
IT Matters;1 - My company;Company;Stellenbeschreibung;job description
IT Matters;1 - My company;Company;formell, förmlich;formal
IT Matters;1 - My company;Company;geeignet, passend;suitable
IT Matters;1 - My company;Company;vermeiden;to avoid
IT Matters;1 - My company;Company;Krankheit;illness
IT Matters;1 - My company;Company;Politik;politics
IT Matters;1 - My company;Company;Fahrt, Anreise;journey
IT Matters;1 - My company;Company;Bezahlung, Gehalt;pay
IT Matters;1 - My company;Company;Antwort, Reaktion;response
IT Matters;1 - My company;Company;phantastisch, fantastisch, toll;fantastic
IT Matters;1 - My company;Company;Aussicht, Blick;view
IT Matters;1 - My company;Company;tatsächlich, eigentlich;in fact
IT Matters;1 - My company;Company;Verzeihung, Entschuldigung;Excuse me
IT Matters;1 - My company;Company;jemanden aufhalten;to hold up somebody
IT Matters;1 - My company;Company;jemand warten lassen;to keep somebody  waiting
IT Matters;1 - My company;Company;Erfrischung;refreshment
IT Matters;2 - My workplace;Workplace;Arbeitsplatz;workplace
IT Matters;2 - My workplace;Workplace;etwas durchführen;to carry out something
IT Matters;2 - My workplace;Workplace;Maßnahme;measure
IT Matters;2 - My workplace;Workplace;Umfrage;survey
IT Matters;2 - My workplace;Workplace;Kommunkationsmittel;means of communication
IT Matters;2 - My workplace;Workplace;Verbesserng;improvement
IT Matters;2 - My workplace;Workplace;einstufen, bewerten;to rank
IT Matters;2 - My workplace;Workplace;eine Botschaft vermitteln;to get a message across
IT Matters;2 - My workplace;Workplace;und so weiter;and so on
IT Matters;2 - My workplace;Workplace;persönlich;face-to-face
IT Matters;2 - My workplace;Workplace;etwas klären, etwas in Ordnung bringen;to sort something out
IT Matters;2 - My workplace;Workplace;schriftlich;in writing
IT Matters;2 - My workplace;Workplace;SMS;text message
IT Matters;2 - My workplace;Workplace;auf etwas hinauswollen;to get at something
IT Matters;2 - My workplace;Workplace;anhängen ;to attach
IT Matters;2 - My workplace;Workplace;strukturiert;structured
IT Matters;2 - My workplace;Workplace;auf etwas zugreifen;to access something
IT Matters;2 - My workplace;Workplace;überall;all over the place
IT Matters;2 - My workplace;Workplace;Zugriff auf etwas;access to something
IT Matters;2 - My workplace;Workplace;Speicherung;storage
IT Matters;2 - My workplace;Workplace;abgleichen, synchronisieren;to synchronize
IT Matters;2 - My workplace;Workplace;auswählen;to select
IT Matters;2 - My workplace;Workplace;erwähnen;to mention 
IT Matters;2 - My workplace;Workplace;etwas zur Sprache bringen;to bring something up
IT Matters;2 - My workplace;Workplace;Zeit beanspruchen;to take up time
IT Matters;2 - My workplace;Workplace;Folie;slide
IT Matters;2 - My workplace;Workplace;Zeitverschwendung;waste of time
IT Matters;2 - My workplace;Workplace;Arbeitsblatt, Informationsblatt, Merkblatt;hand-out
IT Matters;2 - My workplace;Workplace;etwas in Betracht ziehen, über etwas nachdenken;to consider something
IT Matters;2 - My workplace;Workplace;Grafik;graphic image
IT Matters;2 - My workplace;Workplace;Ideen sammeln;to brainstorm
IT Matters;2 - My workplace;Workplace;Menge, Anzahl;quantity
IT Matters;2 - My workplace;Workplace;Anweisung;instruction
IT Matters;2 - My workplace;Workplace;aufzeichnen, festhalten;to record
IT Matters;2 - My workplace;Workplace;Anhang;attachment
IT Matters;2 - My workplace;Workplace;Personalvermittlung;recruitment
IT Matters;2 - My workplace;Workplace;Zentrale, Hauptsitz;headquarters
IT Matters;2 - My workplace;Workplace;Gesichtspunkt,  Aspekt;aspect
IT Matters;2 - My workplace;Workplace;Bedingung;condition
IT Matters;2 - My workplace;Workplace;fest von etwas überzeugt sein;to be big believers in something
IT Matters;2 - My workplace;Workplace;Gleichgewicht;balance
IT Matters;2 - My workplace;Workplace;passen;to suit something
IT Matters;2 - My workplace;Workplace;variabel, flexibel;flexible
IT Matters;2 - My workplace;Workplace;Jahresurlaub;annual leave
IT Matters;2 - My workplace;Workplace;Krankentage;sick leave
IT Matters;2 - My workplace;Workplace;unbezahlter Urlaub;unpaid leave
IT Matters;2 - My workplace;Workplace;von zu Hause aus arbeiten, ortsungebunden arbeiten;to work remotely
IT Matters;2 - My workplace;Workplace;aufeinander abstimmen, koordinieren;to co-ordinate 
IT Matters;2 - My workplace;Workplace;außerdem;in addition
IT Matters;2 - My workplace;Workplace;Genehmigung, Erlaubnis;permission
IT Matters;2 - My workplace;Workplace;Kleidung;clothing
IT Matters;2 - My workplace;Workplace;sauber, ordentlich;neat
IT Matters;2 - My workplace;Workplace;zwanglos, locker;casual
IT Matters;2 - My workplace;Workplace;Funktionen;functionality
IT Matters;2 - My workplace;Workplace;Bewerber, Bewerberin;applicant
IT Matters;2 - My workplace;Workplace;etwas nachschlagen, etwas nachlesen;to look something up
IT Matters;2 - My workplace;Workplace;mit Abschluss;graduate
IT Matters;2 - My workplace;Workplace;eng mit jemanden zusammenarbeiten;to work closely with somebody
IT Matters;2 - My workplace;Workplace;Prüfdaten;test data
IT Matters;2 - My workplace;Workplace;prüfen, testen;to test
IT Matters;2 - My workplace;Workplace;Mangel, Fehler;defect
IT Matters;2 - My workplace;Workplace;Benutzer, Benutzerin, Anwender, Anwenderin;user
IT Matters;2 - My workplace;Workplace;kreativ;creative
IT Matters;2 - My workplace;Workplace;Ende;finish
IT Matters;2 - My workplace;Workplace;Fahrt zur Arbeit;commute
IT Matters;2 - My workplace;Workplace;aktuelle Informationen;update on something
IT Matters;2 - My workplace;Workplace;etwas ansprechen, auf etwas aufmerksam machen;to raise something
IT Matters;2 - My workplace;Workplace;entfernen, aus dem Weg räumen;to remove
IT Matters;2 - My workplace;Workplace;Hindernis;roadblock
IT Matters;2 - My workplace;Workplace;jemanden aufhalten, jemanden bremsen;to slow somebody down
IT Matters;2 - My workplace;Workplace;sich auf jemanden auswirken;to affect somebody
IT Matters;2 - My workplace;Workplace;zwingen;to force
IT Matters;2 - My workplace;Workplace;Beziehung;relationship
IT Matters;2 - My workplace;Workplace;leicht verständlich;easily understandable
IT Matters;2 - My workplace;Workplace;ausführlich, genau;detailed
IT Matters;2 - My workplace;Workplace;Kommentar;comment
IT Matters;2 - My workplace;Workplace;produktiv;productive
IT Matters;2 - My workplace;Workplace;trennen;to separate
IT Matters;2 - My workplace;Workplace;dafür sorgen, sicherstellen;to ensure
IT Matters;2 - My workplace;Workplace;Hindernis;obstacle
IT Matters;2 - My workplace;Workplace;etwas in Ordnung bringen;to fix
IT Matters;2 - My workplace;Workplace;auf den neusten Stand bringen;to update
IT Matters;2 - My workplace;Workplace;üblich, normal;standard
IT Matters;2 - My workplace;Workplace;Zeitschiene;timeline
IT Matters;2 - My workplace;Workplace;Bericht, Meldung;report
IT Matters;2 - My workplace;Workplace;Schnittstelle;interface
IT Matters;2 - My workplace;Workplace;technische Anforderungen;specification
IT Matters;2 - My workplace;Workplace;Prüfplan;test plan
IT Matters;2 - My workplace;Workplace;Vorlieben und Abneigungen;likes and dislikes
IT Matters;2 - My workplace;Workplace;befestigen, anheften;to pin
IT Matters;2 - My workplace;Workplace;Galerierundgang;gallery walk
IT Matters;2 - My workplace;Workplace;Stadium, Phase;phase
IT Matters;2 - My workplace;Workplace;Rückmeldung;feedback
IT Matters;2 - My workplace;Workplace;Gespräch;conversation
IT Matters;2 - My workplace;Workplace;vorschlagen;to propose
IT Matters;2 - My workplace;Workplace;Richtlinie, Leitfaden;guideline
IT Matters;2 - My workplace;Workplace;Arbeitsergebnisse;output
IT Matters;2 - My workplace;Workplace;Wunsch, Bitte;request
IT Matters;2 - My workplace;Workplace;im Stehen;stand-up
IT Matters;2 - My workplace;Workplace;obwohl;even though
IT Matters;2 - My workplace;Workplace;Tagesordnung;agenda
IT Matters;2 - My workplace;Workplace;etwas auf ein Mindestmaß beschränken;to keep something to a minimum
IT Matters;2 - My workplace;Workplace;spontan;spontaneous
IT Matters;2 - My workplace;Workplace;Frage, Problem;issue
IT Matters;2 - My workplace;Workplace;sich auf etwas konzentrieren;to concentrate on something
IT Matters;2 - My workplace;Workplace;Zeitabschnitt;period of time
IT Matters;2 - My workplace;Workplace;wichtig, unentbehrlich;critical
IT Matters;2 - My workplace;Workplace;die Betriebsleitung;the executives
IT Matters;2 - My workplace;Workplace;kein Papier ;to be paperless
IT Matters;2 - My workplace;Workplace;favorisieren, bevorzugen;to favour
IT Matters;2 - My workplace;Workplace;Vorliebe, Wunsch;preference
IT Matters;2 - My workplace;Workplace;investieren;to invest
IT Matters;2 - My workplace;Workplace;unterstützen;to support
IT Matters;2 - My workplace;Workplace;Bedenken, Sorge;concern
IT Matters;2 - My workplace;Workplace;überhaupt nicht;not at all
IT Matters;2 - My workplace;Workplace;chatten;to chat
IT Matters;2 - My workplace;Workplace;Autor, Autorin, Verfasser, Verfasserin;author
IT Matters;2 - My workplace;Workplace;etwas anerkennen;to acknowledge something
IT Matters;2 - My workplace;Workplace;vortäuschen;to pretend
IT Matters;2 - My workplace;Workplace;Sicht;point of view
IT Matters;2 - My workplace;Workplace;etwas vorsehen;to set something aside
IT Matters;2 - My workplace;Workplace;Erwartung;expectation
IT Matters;2 - My workplace;Workplace;sofortig;instantly
IT Matters;2 - My workplace;Workplace;Produktivität;productivity
IT Matters;2 - My workplace;Workplace;Ausgangspunkt;starting point
IT Matters;2 - My workplace;Workplace;anpassen, regeln;to adjust
IT Matters;2 - My workplace;Workplace;im Lauf von etwas, nach und nach;as we go along
IT Matters;2 - My workplace;Workplace;Laufzeit;lifetime
IT Matters;2 - My workplace;Workplace;klug;smart
IT Matters;2 - My workplace;Workplace;einzeln;individuality
IT Matters;2 - My workplace;Workplace;Einladung;invite
IT Matters;2 - My workplace;Workplace;Zeitplan;schedule
IT Matters;2 - My workplace;Workplace;im Rückstand sein;to run behind schedule
IT Matters;2 - My workplace;Workplace;Argumente dafür und dagegen, Vorteile und Nachteile, Vor- und Nachteile;pros and cons
IT Matters;2 - My workplace;Workplace;Arbeit von zu Hause, ortsungebunden Arbeiten;remote working
IT Matters;2 - My workplace;Workplace;unterbrechen, stören;to interrupt
IT Matters;2 - My workplace;Workplace;lösen;to solve
IT Matters;2 - My workplace;Workplace;Lärm;noise
IT Matters;2 - My workplace;Workplace;getrennt, separat, eigen;separate
IT Matters;2 - My workplace;Workplace;Sitzungszimmer, Konferenzraum;meeting room
IT Matters;2 - My workplace;Workplace;Nachteil;drawback
IT Matters;2 - My workplace;Workplace;Ablenkung;distraction
IT Matters;2 - My workplace;Workplace;Lärmpegel;noise level
IT Matters;2 - My workplace;Workplace;Schattenseite, Nachteil;downside
IT Matters;2 - My workplace;Workplace;auf der Negativseite, andererseits;on the downside
IT Matters;2 - My workplace;Workplace;etwas ausschalten, etwas abstellen;to turn something off
IT Matters;2 - My workplace;Workplace;Katastrophe;disaster
IT Matters;2 - My workplace;Workplace;Vorteil, Plus;upside
IT Matters;2 - My workplace;Workplace;auf etwas reagieren;to respond to something
IT Matters;2 - My workplace;Workplace;sofort, augenblicklich;instantaneously 
IT Matters;2 - My workplace;Workplace;vorankommen;to progress
IT Matters;2 - My workplace;Workplace;klären, abklären;to clarify
IT Matters;2 - My workplace;Workplace;kompliziert, komplex;complex
IT Matters;2 - My workplace;Workplace;angeben, erklären, nennen, sagen;to state
IT Matters;2 - My workplace;Workplace;eine Nachricht hinterlassen;to leave a message
IT Matters;2 - My workplace;Workplace;Mailbox;voicemail
IT Matters;2 - My workplace;Workplace;etwas ausrichten;to take a message
IT Matters;2 - My workplace;Workplace;zurückrufen;to call back
IT Matters;2 - My workplace;Workplace;für jemanden, in jemandens Namen;on behalf of somebody
IT Matters;2 - My workplace;Workplace;bestätigen;to confirm
IT Matters;2 - My workplace;Workplace;Aktualisierung;update
IT Matters;2 - My workplace;Workplace;Datenbank;database
IT Matters;2 - My workplace;Workplace;Betriebsleiter, Betriebsleiterin, Werksleiter, Werksleiterin;factory manager
IT Matters;2 - My workplace;Workplace;Techniker, Technikerin;technician
IT Matters;2 - My workplace;Workplace;Handy, Mobiltelefon;mobile
IT Matters;2 - My workplace;Workplace;darstellen, vertreten;to represent
IT Matters;2 - My workplace;Workplace;Entsprechung, Übersetzung;equivalent
IT Matters;2 - My workplace;Workplace;besetzt;engaged
IT Matters;2 - My workplace;Workplace;nicht zu sprechen sein;to be unavailable
IT Matters;2 - My workplace;Workplace;am Apparat bleiben;to hold the line
IT Matters;2 - My workplace;Workplace;verbinden, anschließen;to connect
IT Matters;2 - My workplace;Workplace;jemanden durchstellen;to put somebody through
IT Matters;2 - My workplace;Workplace;Zulieferer, Lieferant, Lieferantin;supplier
IT Matters;2 - My workplace;Workplace;am Apparat ;Speaking
IT Matters;2 - My workplace;Workplace;lieferbar, verfügbar;available
IT Matters;2 - My workplace;Workplace;Alternative;alternative
IT Matters;2 - My workplace;Workplace;Durchwahl;extension
IT Matters;2 - My workplace;Workplace;Ziffer;digit
IT Matters;2 - My workplace;Workplace;außer;except for
IT Matters;2 - My workplace;Workplace;sich etwas ausdenken;to make up something
IT Matters;2 - My workplace;Workplace;Kontaktdaten;contact details
IT Matters;2 - My workplace;Workplace;etwas weiterreichen, etwas weiterleiten;to pass something on
IT Matters;2 - My workplace;Workplace;flach;flat
IT Matters;2 - My workplace;Workplace;Militär;military
IT Matters;2 - My workplace;Workplace;traditionell, althergebracht;traditional
IT Matters;2 - My workplace;Workplace;Unternehmen, Gesellschaft, Konzern;corporation
IT Matters;2 - My workplace;Workplace;sich total auf etwas verlassen, stark auf etwas angewiesen sein;to rely heavily on something
IT Matters;2 - My workplace;Workplace;Hierarchie;hierarchy
IT Matters;2 - My workplace;Workplace;aufrecht erhalten;to maintain
IT Matters;2 - My workplace;Workplace;Berechenbarkeit;predictability
IT Matters;2 - My workplace;Workplace;Zuverlässigkeit;reliability
IT Matters;2 - My workplace;Workplace;etwas wünschen;to desire something
IT Matters;2 - My workplace;Workplace;berechenbar ;predictable
IT Matters;2 - My workplace;Workplace;zuverlässig ;reliable
IT Matters;2 - My workplace;Workplace;vereinfachen;to simplify
IT Matters;2 - My workplace;Workplace;Planung;planning
IT Matters;2 - My workplace;Workplace;von oben nach unten;from the top down
IT Matters;2 - My workplace;Workplace;Vorbild, Model;model 
IT Matters;2 - My workplace;Workplace;Unterhaltung;entertainment
IT Matters;2 - My workplace;Workplace;verschwenden, vergeuden;to waste
IT Matters;2 - My workplace;Workplace;innovativ sein, kreativ sein; to innovate
IT Matters;2 - My workplace;Workplace;Gründer, Gründerin;founder
IT Matters;2 - My workplace;Workplace;Gelegenheit, Möglichkeit;opportunity
IT Matters;2 - My workplace;Workplace;Risiken eingehen;to take risks
IT Matters;2 - My workplace;Workplace;etwas zu Ende führen;to see something through
IT Matters;2 - My workplace;Workplace;Hindernis, Barriere;barrier
IT Matters;2 - My workplace;Workplace;behaupten;to claim
IT Matters;2 - My workplace;Workplace;zentral für etwas sein;to be at the heart of something
IT Matters;2 - My workplace;Workplace;jemanden daran hindern etwas zu tun;to stop somebody from doing something
IT Matters;2 - My workplace;Workplace;Verantwortung;responsibility
IT Matters;2 - My workplace;Workplace;begabt, talentiert;talented
IT Matters;2 - My workplace;Workplace;fähig sein etwas zu tun, etwas tun können;to be capapble of doing something
IT Matters;3 - Computer hardware;Hardware;Praktikum;work experience
IT Matters;3 - Computer hardware;Hardware;identifzieren, bestimmen;to identify
IT Matters;3 - Computer hardware;Hardware;Hauptprozessor;central processing unit
IT Matters;3 - Computer hardware;Hardware;Grafikkarte;graphics card
IT Matters;3 - Computer hardware;Hardware;Festplatte;hard disk
IT Matters;3 - Computer hardware;Hardware;Tastatur;keyboard
IT Matters;3 - Computer hardware;Hardware;Hauptplatine, Motherboard;motherboard
IT Matters;3 - Computer hardware;Hardware;Maus;mouse
IT Matters;3 - Computer hardware;Hardware;Arbeitsspeicher;random access memory
IT Matters;3 - Computer hardware;Hardware;vermuten, annehmen, glauben;to suppose
IT Matters;3 - Computer hardware;Hardware;beherbergen, aufnehmen, unterbringen;to house
IT Matters;3 - Computer hardware;Hardware;anzeigen;to display
IT Matters;3 - Computer hardware;Hardware;Bildschirm;screen
IT Matters;3 - Computer hardware;Hardware;Mittelklasse, im mittleren Preissegment ;mid-range
IT Matters;3 - Computer hardware;Hardware;hochstufen, upgraden;to upgrade
IT Matters;3 - Computer hardware;Hardware;später, zu einem späteren Zeitpunkt;later on
IT Matters;3 - Computer hardware;Hardware;etwas in etwas umwandeln;to turn something into something 
IT Matters;3 - Computer hardware;Hardware;reibungslos;smooth
IT Matters;3 - Computer hardware;Hardware;nicht unbedingt;not necessarily
IT Matters;3 - Computer hardware;Hardware;hohe Bildwiederholfrequenz;fast refresh rate
IT Matters;3 - Computer hardware;Hardware;unklar, undeutlich;unclear
IT Matters;3 - Computer hardware;Hardware;verarbeiten;to process
IT Matters;3 - Computer hardware;Hardware;Befehl, Kommando;instruction
IT Matters;3 - Computer hardware;Hardware;Hirn, Gehirn;brain
IT Matters;3 - Computer hardware;Hardware;Eingabegerät;input device
IT Matters;3 - Computer hardware;Hardware;auf etwas einwirken, Informationen mit etwas austauschen;to interact with something
IT Matters;3 - Computer hardware;Hardware;Ausführung, Modell;version
IT Matters;3 - Computer hardware;Hardware;Taste, Knopf, Schalter;button
IT Matters;3 - Computer hardware;Hardware;sich unterscheiden;to make a difference
IT Matters;3 - Computer hardware;Hardware;Peripheriegerät;peripheral
IT Matters;3 - Computer hardware;Hardware;Anschlüsse;connectivity
IT Matters;3 - Computer hardware;Hardware;freiberuflich, selbstständig;freelance
IT Matters;3 - Computer hardware;Hardware;Grafikdesign;graphic design
IT Matters;3 - Computer hardware;Hardware;etwas einrichten;to set up something
IT Matters;3 - Computer hardware;Hardware;hauptsächlich, meistens;mostly
IT Matters;3 - Computer hardware;Hardware;freihändig;hands-free
IT Matters;3 - Computer hardware;Hardware;etwas an etwas koppeln, etwas mit etwas verbinden;to pair something with something
IT Matters;3 - Computer hardware;Hardware;praktisch, bequem;convenient
IT Matters;3 - Computer hardware;Hardware;Lautsprecher;speaker
IT Matters;3 - Computer hardware;Hardware;mit, mittels, über, durch;via
IT Matters;3 - Computer hardware;Hardware;Buchse;jack
IT Matters;3 - Computer hardware;Hardware;Tonqualität;audio quality
IT Matters;3 - Computer hardware;Hardware;anschließen, einstecken;to plug
IT Matters;3 - Computer hardware;Hardware;hauptsächlich, meistens;mostly
IT Matters;3 - Computer hardware;Hardware;laden, aufladen;to charge
IT Matters;3 - Computer hardware;Hardware;über etwas verfügen, etwas haben;to come with something
IT Matters;3 - Computer hardware;Hardware;falls ;in case
IT Matters;3 - Computer hardware;Hardware;Anschluss;port
IT Matters;3 - Computer hardware;Hardware;mindestens;at least
IT Matters;3 - Computer hardware;Hardware;stecken;to stick
IT Matters;3 - Computer hardware;Hardware;ausstecken, herausziehen;to unplug
IT Matters;3 - Computer hardware;Hardware;etwas mit etwas verbinden;to hook something to something
IT Matters;3 - Computer hardware;Hardware;Reserve;backup
IT Matters;3 - Computer hardware;Hardware;expandieren, vordringen;to expand
IT Matters;3 - Computer hardware;Hardware;erweitert;augmented
IT Matters;3 - Computer hardware;Hardware;virtuell;virtual
IT Matters;3 - Computer hardware;Hardware;installieren;to install
IT Matters;3 - Computer hardware;Hardware;Bedienungsanleitung;instruction manual
IT Matters;3 - Computer hardware;Hardware;Hinweis, Warnung;warning
IT Matters;3 - Computer hardware;Hardware;herunterfahren, ausschalten;to shut down
IT Matters;3 - Computer hardware;Hardware;abkühlen;to cool
IT Matters;3 - Computer hardware;Hardware;trennen;to disconnect
IT Matters;3 - Computer hardware;Hardware;Netzteil;power adapter
IT Matters;3 - Computer hardware;Hardware;Schloss;lock
IT Matters;3 - Computer hardware;Hardware;verhindern, verhüten;to prevent
IT Matters;3 - Computer hardware;Hardware;etwas umdrehen, etwas auf die andere Seite legen;to turn something over
IT Matters;3 - Computer hardware;Hardware;Schraube;screw
IT Matters;3 - Computer hardware;Hardware;befestigen;to secure
IT Matters;3 - Computer hardware;Hardware;Gehäuse;case
IT Matters;3 - Computer hardware;Hardware;Gehäuseunterteil;bottom case
IT Matters;3 - Computer hardware;Hardware;Kreuzschlitzschraubenzieher, Kreuzschlitzschraubendreher;Phillips screwdriver
IT Matters;3 - Computer hardware;Hardware;sich ablösen lassen;to come off
IT Matters;3 - Computer hardware;Hardware;einigermaßen, ziemlich;fairly
IT Matters;3 - Computer hardware;Hardware;etwas, ein wenig;lightly
IT Matters;3 - Computer hardware;Hardware;Kraft aufwenden;to force something
IT Matters;3 - Computer hardware;Hardware;etwas fixieren;to hold something in place
IT Matters;3 - Computer hardware;Hardware;herausdrehen;to unscrew
IT Matters;3 - Computer hardware;Hardware;behutsam, vorsichtig;gently
IT Matters;3 - Computer hardware;Hardware;heben;to lift
IT Matters;3 - Computer hardware;Hardware;Montagerahmen;chassis
IT Matters;3 - Computer hardware;Hardware;Flachbandkabel;ribbon cable
IT Matters;3 - Computer hardware;Hardware;schrauben, festschrauben;to screw
IT Matters;3 - Computer hardware;Hardware;wieder einsetzen;to re-attach
IT Matters;3 - Computer hardware;Hardware;Speichermodul;RAM module
IT Matters;3 - Computer hardware;Hardware;Hebel;lever
IT Matters;3 - Computer hardware;Hardware;nach außen;in an outward direction
IT Matters;3 - Computer hardware;Hardware;etwas lösen;to release something
IT Matters;3 - Computer hardware;Hardware;Steckplatz;slot
IT Matters;3 - Computer hardware;Hardware;hochspringen, herausspringen;to pop up
IT Matters;3 - Computer hardware;Hardware;halbkreisförmig;half-circle
IT Matters;3 - Computer hardware;Hardware;Kerbe, Einkerbung;notch
IT Matters;3 - Computer hardware;Hardware;etwas herausschieben;to slide out something
IT Matters;3 - Computer hardware;Hardware;etwas auf etwas ausrichten;to align something with something
IT Matters;3 - Computer hardware;Hardware;Kante;edge
IT Matters;3 - Computer hardware;Hardware;Austausch, Ersatz;replacement
IT Matters;3 - Computer hardware;Hardware;neigen, kippen;to tilt
IT Matters;3 - Computer hardware;Hardware;fest;firm
IT Matters;3 - Computer hardware;Hardware;gleichmäßig;even
IT Matters;3 - Computer hardware;Hardware;Druck;pressure
IT Matters;3 - Computer hardware;Hardware;einsetzen, hineinstecken;to insert
IT Matters;3 - Computer hardware;Hardware;etwas abwechslend tun;to take it in turns to do something
IT Matters;3 - Computer hardware;Hardware;Anwendung, Programm;application
IT Matters;3 - Computer hardware;Hardware;Grad;degree
IT Matters;3 - Computer hardware;Hardware;Bewegung;motion
IT Matters;3 - Computer hardware;Hardware;nachvollziehen, verfolgen;to track
IT Matters;3 - Computer hardware;Hardware;mehrere;multiple
IT Matters;3 - Computer hardware;Hardware;integriert, eingebettet;embedded
IT Matters;3 - Computer hardware;Hardware;Darstellung, Display;display
IT Matters;3 - Computer hardware;Hardware;Auflösung;resolution
IT Matters;3 - Computer hardware;Hardware;wirklich, wahrhaftig;truly
IT Matters;3 - Computer hardware;Hardware;realistisch, wirklichkeitsnah;realistic
IT Matters;3 - Computer hardware;Hardware;Erlebnis;experience
IT Matters;3 - Computer hardware;Hardware;etwas mit Strom versorgen;to power something
IT Matters;3 - Computer hardware;Hardware;unbegrent;unlimited
IT Matters;3 - Computer hardware;Hardware;Verzögerung, Latenz;latency
IT Matters;3 - Computer hardware;Hardware;drahtlos;wireless
IT Matters;3 - Computer hardware;Hardware;sich mit etwas verbinden lassen;to attach to something
IT Matters;3 - Computer hardware;Hardware;Riemen, Gurt;strap
IT Matters;3 - Computer hardware;Hardware;halten;to last
IT Matters;3 - Computer hardware;Hardware;Einheit, Gerät;unit
IT Matters;3 - Computer hardware;Hardware;kommunizieren;to communicate
IT Matters;3 - Computer hardware;Hardware;firmeneigen, urheberrechtlich geschützt;proprietary
IT Matters;3 - Computer hardware;Hardware;Übertragungsprotokoll;protocol
IT Matters;3 - Computer hardware;Hardware;erfassen;to map
IT Matters;3 - Computer hardware;Hardware;Akku, Batterie;battery
IT Matters;3 - Computer hardware;Hardware;batteriebetrieben, mit Akkus betrieben;battery powered
IT Matters;3 - Computer hardware;Hardware;Ladung;charge
IT Matters;3 - Computer hardware;Hardware;mitgeliefert;supplied
IT Matters;3 - Computer hardware;Hardware;Basisstation;base station
IT Matters;3 - Computer hardware;Hardware;physisch, räumlich;physical
IT Matters;3 - Computer hardware;Hardware;überwachen;to monitor
IT Matters;3 - Computer hardware;Hardware;Infrarot;infrared
IT Matters;3 - Computer hardware;Hardware;Kopfhöhe;head height
IT Matters;3 - Computer hardware;Hardware;Montageset;mounting kit
IT Matters;3 - Computer hardware;Hardware;positionieren;to position
IT Matters;3 - Computer hardware;Hardware;Stromquelle;power source
IT Matters;3 - Computer hardware;Hardware;Waffe;weapon
IT Matters;3 - Computer hardware;Hardware;etwas mit etwas verbinden;to attach something to something
IT Matters;3 - Computer hardware;Hardware;Klebeband;tape
IT Matters;3 - Computer hardware;Hardware;gleichzeitig;simultaneously
IT Matters;3 - Computer hardware;Hardware;auf etwas verweisen;to refer to something
IT Matters;3 - Computer hardware;Hardware;Funktion;function
IT Matters;3 - Computer hardware;Hardware;Vermögen, Fähigkeit;capability
IT Matters;3 - Computer hardware;Hardware;Leitfaden, Anhaltspunkt;guide
IT Matters;3 - Computer hardware;Hardware;Konfiguration;configuration
IT Matters;3 - Computer hardware;Hardware;Ladenkette;store chain
IT Matters;3 - Computer hardware;Hardware;geschäftlich tätig sein;to operate
IT Matters;3 - Computer hardware;Hardware;in ganz;throughout
IT Matters;3 - Computer hardware;Hardware;beurteilen, einschätzen;to assess
IT Matters;3 - Computer hardware;Hardware;Markenführung, Markenbildung;branding
IT Matters;3 - Computer hardware;Hardware;Leistung;performance
IT Matters;3 - Computer hardware;Hardware;erscheinen;to appear
IT Matters;3 - Computer hardware;Hardware;exakt, genau;accurate
IT Matters;3 - Computer hardware;Hardware;Farbdarstellung;color reproduction
IT Matters;3 - Computer hardware;Hardware;statt, anstatt;instead of
IT Matters;3 - Computer hardware;Hardware;eingeben;to input 
IT Matters;3 - Computer hardware;Hardware;Kundenbetreuung, Kundendienst;customer support
IT Matters;3 - Computer hardware;Hardware;Gewährleistung;warranty 
IT Matters;3 - Computer hardware;Hardware;Retoure, Rücksendung;return 
IT Matters;3 - Computer hardware;Hardware;etwas ist jemanden egal;somebody doesn't mind
IT Matters;3 - Computer hardware;Hardware;etwas nachschlagen, etwas suchen;to look something up 
IT Matters;3 - Computer hardware;Hardware;leistungsstark;high-powered
IT Matters;3 - Computer hardware;Hardware;Kundenbetreuer, Kundenbetreuerin;account manager
IT Matters;3 - Computer hardware;Hardware;leicht;lightweight 
IT Matters;3 - Computer hardware;Hardware;laden;to load 
IT Matters;3 - Computer hardware;Hardware;kompilieren;to compile 
IT Matters;3 - Computer hardware;Hardware;Tabellenkalkulation, Tabelle;spreadsheet 
IT Matters;3 - Computer hardware;Hardware;etwas ausführen, etwas durchführen;to perform something 
IT Matters;3 - Computer hardware;Hardware;Berechnung, Rechenvorgang;calculation 
IT Matters;3 - Computer hardware;Hardware;hektisch, in Eile;in a rush 
IT Matters;3 - Computer hardware;Hardware;Merkmal, Eigenschaft;feature 
IT Matters;3 - Computer hardware;Hardware;Rechenleistung;processing power
IT Matters;3 - Computer hardware;Hardware;Ladezeit;load time 
IT Matters;3 - Computer hardware;Hardware;Vertreter, Vertreterin;sales representative
IT Matters;3 - Computer hardware;Hardware;anhand von, auf Grundlage von;based on 
IT Matters;3 - Computer hardware;Hardware;sich an etwas halten;to stick to something 
IT Matters;3 - Computer hardware;Hardware;unterwegs sein;to be on the road
IT Matters;3 - Computer hardware;Hardware;tauglich, geeignet;fit-for-purpose
IT Matters;3 - Computer hardware;Hardware;passend, geeignet;appropriate 
IT Matters;3 - Computer hardware;Hardware;Beamer;projector 
IT Matters;3 - Computer hardware;Hardware;Transportierbarkeit, Mobilität;portability 
IT Matters;3 - Computer hardware;Hardware;langlebig, leistungsstark;long-lasting 
IT Matters;3 - Computer hardware;Hardware;genau richtig;spot on 
IT Matters;3 - Computer hardware;Hardware;Speicherplatz;storage space
IT Matters;3 - Computer hardware;Hardware;ebenso;likewise 
IT Matters;3 - Computer hardware;Hardware;allzu, übermäßig;overly 
IT Matters;3 - Computer hardware;Hardware;Prozessor;processor 
IT Matters;3 - Computer hardware;Customer;ratsam, empfehlenswert;advisable
IT Matters;3 - Computer hardware;Customer;aufgrund von, wegen;due to 
IT Matters;3 - Computer hardware;Customer;unpassend, ungeeignet;inappropriate
IT Matters;3 - Computer hardware;Customer;beeindrucken;to impress 
IT Matters;3 - Computer hardware;Customer;insgesamt, alles in allem, unterm Strich;all things considered
IT Matters;3 - Computer hardware;Customer;für jemanden richtig sein, gut zu jemanden passen;to be a good fit for somebody
IT Matters;3 - Computer hardware;Customer;Einschätzung, Bewertung;assessment 
IT Matters;3 - Computer hardware;Customer;anpassen, kundengerecht anfertigen, individuell anfertigen, individualisieren;to customize 
IT Matters;3 - Computer hardware;Customer;Anforderungen erfüllen;to meet requirements
IT Matters;3 - Computer hardware;Customer;um etwas bitten;to request something 
IT Matters;3 - Computer hardware;Customer;etwas begründen;to give reasons for something
IT Matters;3 - Computer hardware;Customer;mit etwas umgehen, etwas bearbeiten;to manipulate something
IT Matters;3 - Computer hardware;Company;Plakat;poster 
IT Matters;3 - Computer hardware;Company;Ticketsystem;ticketing system
IT Matters;3 - Computer hardware;Company;etwas betrachten, sich etwas ansehen;to view something 
IT Matters;3 - Computer hardware;Company;bearbeiten;to edit 
IT Matters;3 - Computer hardware;Company;Modell, Ausführung;model 
IT Matters;3 - Computer hardware;Software;Betriebssystem;operating system
IT Matters;3 - Computer hardware;Hardware;Doppelkernprozessor;dual-core processor
IT Matters;3 - Computer hardware;Hardware;Zoll ;inch 
IT Matters;3 - Computer hardware;Hardware;integriert;integrated 
IT Matters;3 - Computer hardware;Hardware;Kopfhörer;headphones
IT Matters;3 - Computer hardware;Hardware;Akkulaufzeit;battery life 
IT Matters;3 - Computer hardware;Hardware;Gewicht;weight 
IT Matters;3 - Computer hardware;Hardware;Werkzeug;tool 
IT Matters;3 - Computer hardware;Company;Gewerbe, Branche;trade 
IT Matters;3 - Computer hardware;Customer;sich um etwas kümmern, etwas bearbeiten, etwas erledigen;to take care of something
IT Matters;3 - Computer hardware;Customer;Anfrage;enquiry 
IT Matters;3 - Computer hardware;Customer;vorkommen, auftauchen;to appear 
IT Matters;3 - Computer hardware;Customer;Punkt;dot 
IT Matters;3 - Computer hardware;Customer;Bindestrich, Minus;hyphen 
IT Matters;3 - Computer hardware;Customer;Unterstrich;underscore 
IT Matters;3 - Computer hardware;Customer;diktieren;to dictate 
IT Matters;3 - Computer hardware;Customer;Betreffzeile;subject line
IT Matters;3 - Computer hardware;Customer;Hinweis, Anzeichen;indication
IT Matters;3 - Computer hardware;Customer;Bitte ;request 
IT Matters;3 - Computer hardware;Customer;Hilfe, Unterstützung;assistance 
IT Matters;3 - Computer hardware;Customer;ankündigen;to announce 
IT Matters;3 - Computer hardware;Customer;Anschreiben, Begleitschreiben;covering letter
IT Matters;3 - Computer hardware;Customer;Broschüre, Prospekt;brochure
IT Matters;3 - Computer hardware;Customer;Veranstaltungsort;venue 
IT Matters;3 - Computer hardware;Customer;Veranstaltung;event 
IT Matters;3 - Computer hardware;Customer;Faltblatt;flyer 
IT Matters;3 - Computer hardware;Customer;Antrag, Bewerbung;application
IT Matters;3 - Computer hardware;Customer;Messestand;stand 
IT Matters;3 - Computer hardware;Customer;Messe;fair 
IT Matters;3 - Computer hardware;Customer;Antwort;reply 
IT Matters;3 - Computer hardware;Customer;antworten;to reply 
IT Matters;3 - Computer hardware;Customer;Katalog;catalogue 
IT Matters;3 - Computer hardware;Customer;Schlitzschraube;slotted screw
IT Matters;3 - Computer hardware;Customer;Mit freundlichen Grüßen;Yours faithfully
IT Matters;3 - Computer hardware;Customer;Artikel auf Lager, verfügbar;in stock 
IT Matters;3 - Computer hardware;Customer;GmbH;Ltd
IT Matters;3 - Computer hardware;Customer;versenden;to dispatch
IT Matters;3 - Computer hardware;Customer;mit jemanden Geschäfte machen;to do business with somebody
IT Matters;3 - Computer hardware;Customer;Schlussformel;complimentary close
IT Matters;3 - Computer hardware;Customer;höflich;politely
IT Matters;3 - Computer hardware;Customer;Anrede;salutation
IT Matters;3 - Computer hardware;Customer;Geschäftspartner;business partner
IT Matters;3 - Computer hardware;Customer;Sehr geehrte Damen und Herren;Dear Sir or Madam
IT Matters;3 - Computer hardware;Customer;unbekannt;unknown
IT Matters;3 - Computer hardware;Customer;Viele Grüße, Mit freundlichen Grüßen;Best Regards
IT Matters;3 - Computer hardware;Customer;Mit freundlichen Grüßen;Best wishes
IT Matters;3 - Computer hardware;Customer;Mit freundlichen Grüßen;Yours sincerely
IT Milestones;1 - People and jobs in IT;Company;anwenden;to apply 
IT Milestones;1 - People and jobs in IT;Company;entwerfen, konstruieren;to design 
IT Milestones;1 - People and jobs in IT;Company; Website, Internetseite;website 
IT Milestones;1 - People and jobs in IT;Company; integrieren;to integrate 
IT Milestones;1 - People and jobs in IT;Company; Datenbank;database 
IT Milestones;1 - People and jobs in IT;Company; Schwerpunkt;focus 
IT Milestones;1 - People and jobs in IT;Company; Gestaltung, Design;design 
IT Milestones;1 - People and jobs in IT;Company; beraten;to advise 
IT Milestones;1 - People and jobs in IT;Company; Funktionalität, Handhabbarkeit;functionality 
IT Milestones;1 - People and jobs in IT;Company; Alternative, Möglichkeit;option 
IT Milestones;1 - People and jobs in IT;Company; Leistung, Nutzen;benefit 
IT Milestones;1 - People and jobs in IT;Company; gesamt;overall 
IT Milestones;1 - People and jobs in IT;Company; Vorschlag;suggestion 
IT Milestones;1 - People and jobs in IT;Company; Wirkung, Einfluss;impact 
IT Milestones;1 - People and jobs in IT;Company; Ergebnis, Erfolg;performance 
IT Milestones;1 - People and jobs in IT;Company; gründlich;thorough 
IT Milestones;1 - People and jobs in IT;Company; analytisch;analytical 
IT Milestones;1 - People and jobs in IT;Company; mündlich;verbal 
IT Milestones;1 - People and jobs in IT;Company; graphisch;graphic 
IT Milestones;1 - People and jobs in IT;Company; Fehler beheben;to troubleshoot 
IT Milestones;1 - People and jobs in IT;Company; Wartung;maintenance 
IT Milestones;1 - People and jobs in IT;Company;lokales Netzwerk;LAN 
IT Milestones;1 - People and jobs in IT;Company;Weitverkehrsnetzwerk;WAN 
IT Milestones;1 - People and jobs in IT;Company;Einführung, Umsetzung, Implementierung;implementation 
IT Milestones;1 - People and jobs in IT;Company; empfehlen;to recommend 
IT Milestones;1 - People and jobs in IT;Company; planen;to schedule 
IT Milestones;1 - People and jobs in IT;Company; umgehen mit;to handle 
IT Milestones;1 - People and jobs in IT;Company;vertraulich;confidential 
IT Milestones;1 - People and jobs in IT;Company; breit angelegt;broad 
IT Milestones;1 - People and jobs in IT;Company; mehrere;several 
IT Milestones;1 - People and jobs in IT;Company; erkennen, anerkennen;to recognize 
IT Milestones;1 - People and jobs in IT;Company; Beruf, Laufbahn, Karriere;career 
IT Milestones;1 - People and jobs in IT;Company; umreißen, skizzieren;to outline 
IT Milestones;1 - People and jobs in IT;Company; Systemberater;systems analyst 
IT Milestones;1 - People and jobs in IT;Company; Ergebnisse;findings 
IT Milestones;1 - People and jobs in IT;Company; Berufsbezeichnung;job title 
IT Milestones;1 - People and jobs in IT;Company; tauschen;to swap 
IT Milestones;1 - People and jobs in IT;Company; Lehre, Ausbildung;apprenticeship 
IT Milestones;1 - People and jobs in IT;Company; Klassenlehrer, Betreuer, Klassenlehrerin, Betreuerin;tutor 
IT Milestones;1 - People and jobs in IT;Company; Organigramm;organigram 
IT Milestones;1 - People and jobs in IT;Company; neugierig;curious 
IT Milestones;1 - People and jobs in IT;Company;bedeutend;major 
IT Milestones;1 - People and jobs in IT;Company; einzeln, gesondert;separate 
IT Milestones;1 - People and jobs in IT;Company; Blatt;sheet 
IT Milestones;1 - People and jobs in IT;Company; korporativ, kommerziell;corporate 
IT Milestones;1 - People and jobs in IT;Company; Unternehmen;enterprise 
IT Milestones;1 - People and jobs in IT;Company; eigentlich, tatsächlich;actually 
IT Milestones;1 - People and jobs in IT;Company; Werkstatt;workshop 
IT Milestones;1 - People and jobs in IT;Company; fehlerhaft, mangelhaft;faulty 
IT Milestones;1 - People and jobs in IT;Company; beitreten, mitmachen, sich jemandem anschließen, mitkommen;to join 
IT Milestones;1 - People and jobs in IT;Company; Firmengelände;premises 
IT Milestones;1 - People and jobs in IT;Company; jemanden an jemanden verweisen;to refer somebody to somebody
IT Milestones;1 - People and jobs in IT;Company;verwirklichen, realisieren;to implement 
IT Milestones;1 - People and jobs in IT;Company; Personalabteilung;Human Resources 
IT Milestones;1 - People and jobs in IT;Company;Buchhaltung;accounting 
IT Milestones;1 - People and jobs in IT;Company; Lagerhaltung;stockkeeping 
IT Milestones;1 - People and jobs in IT;Company; Erinnerung, Mahnung;reminder 
IT Milestones;1 - People and jobs in IT;Company;zuordnen;to match 
IT Milestones;1 - People and jobs in IT;Company; Kauf, Erwerb;purchase 
IT Milestones;1 - People and jobs in IT;Company; bewerten, einschätzen, abschätzen;to assess 
IT Milestones;1 - People and jobs in IT;Company; defekt;faulty 
IT Milestones;1 - People and jobs in IT;Company;Kundendienst;customer field service 
IT Milestones;1 - People and jobs in IT;Company; Anfrage;enquiry 
IT Milestones;1 - People and jobs in IT;Company; Bestellung, Auftrag;order 
IT Milestones;1 - People and jobs in IT;Company; Angebot;offer 
IT Milestones;1 - People and jobs in IT;Company; Beschreibung;description 
IT Milestones;1 - People and jobs in IT;Company;Organigramm, Organisationsschema;stay organisation chart 
IT Milestones;1 - People and jobs in IT;Company; sicher, selbstbewusst;confident 
IT Milestones;1 - People and jobs in IT;Company; angemessen, passend;appropriate 
IT Milestones;1 - People and jobs in IT;Company; bestehend;existing 
IT Milestones;1 - People and jobs in IT;Company; Messe;trade fair 
IT Milestones;1 - People and jobs in IT;Company; Jobmesse;job fair 
IT Milestones;1 - People and jobs in IT;Company; Höflichkeit;politeness 
IT Milestones;1 - People and jobs in IT;Company; höfliche Floskel;pleasantry 
IT Milestones;1 - People and jobs in IT;Company; Rentabilität;profitability 
IT Milestones;1 - People and jobs in IT;Company; sich unterhalten;to chat 
IT Milestones;1 - People and jobs in IT;Company; Gesundheit;health 
IT Milestones;1 - People and jobs in IT;Company; angenehm;pleasant 
IT Milestones;1 - People and jobs in IT;Company;Zeit verschwenden;to waste time 
IT Milestones;1 - People and jobs in IT;Company; Eindruck;impression 
IT Milestones;1 - People and jobs in IT;Company; Tagung;conference 
IT Milestones;1 - People and jobs in IT;Company; Protokoll;minutes 
IT Milestones;1 - People and jobs in IT;Company; höflich;polite 
IT Milestones;1 - People and jobs in IT;Company; gewöhnlich, üblich, normal;usual 
IT Milestones;1 - People and jobs in IT;Company; verärgert;upset 
IT Milestones;1 - People and jobs in IT;Company; Unbekannter, Unbekannte;stranger 
IT Milestones;1 - People and jobs in IT;Company; andererseits;on the other hand 
IT Milestones;1 - People and jobs in IT;Company;verantwortlich für;in charge of 
IT Milestones;1 - People and jobs in IT;Company; Kasse;cash register 
IT Milestones;1 - People and jobs in IT;Company; Vorname;given name 
IT Milestones;1 - People and jobs in IT;Company;Nachname;family name
IT Milestones;1 - People and jobs in IT;Company; beabsichtigen;to intend 
IT Milestones;2 - Computer hardware;Hardware; sich beziehen auf;to refer to 
IT Milestones;2 - Computer hardware;Hardware; Vorrichtung, Gerät;device 
IT Milestones;2 - Computer hardware;Hardware; Zubehör;accessories 
IT Milestones;2 - Computer hardware;Hardware; Projektionsgerät, Beamer;projector 
IT Milestones;2 - Computer hardware;Hardware; Zeichengerät, Plotter;plotter 
IT Milestones;2 - Computer hardware;Hardware; Grafikdigitalisierer;graphic digitizer 
IT Milestones;2 - Computer hardware;Hardware; Lichtgriffel, Lichtstift;light pen 
IT Milestones;2 - Computer hardware;Hardware; Lautsprecher;speaker 
IT Milestones;2 - Computer hardware;Hardware; Form;shape 
IT Milestones;2 - Computer hardware;Hardware; ausmachen;to make up 
IT Milestones;2 - Computer hardware;Hardware; Gehäuse;chassis 
IT Milestones;2 - Computer hardware;Hardware; Stromversorgung;power supply 
IT Milestones;2 - Computer hardware;Hardware; verwandeln, umwandeln;to transform 
IT Milestones;2 - Computer hardware;Hardware; elektrische Spannung;voltage 
IT Milestones;2 - Computer hardware;Hardware; Leiterplatte;PCB 
IT Milestones;2 - Computer hardware;Hardware; Prozessor;CPU 
IT Milestones;2 - Computer hardware;Hardware; Nachfrage, Anfrage;request 
IT Milestones;2 - Computer hardware;Hardware; Hauptplatine;mainboard 
IT Milestones;2 - Computer hardware;Hardware; beherbergen;to host 
IT Milestones;2 - Computer hardware;Hardware; Expansion, Erweiterung;expansion 
IT Milestones;2 - Computer hardware;Hardware; Zugriff;access 
IT Milestones;2 - Computer hardware;Hardware; Festplattenlaufwerk;hard disk drive 
IT Milestones;2 - Computer hardware;Hardware; Speicherung;storage 
IT Milestones;2 - Computer hardware;Hardware;Betriebssystem;operating system 
IT Milestones;2 - Computer hardware;Hardware;Anwendung;application 
IT Milestones;2 - Computer hardware;Hardware; optisches Laufwerk;optical disk drive 
IT Milestones;2 - Computer hardware;Hardware;hineinpassen;to fit in 
IT Milestones;2 - Computer hardware;Hardware; wenn nicht, außer wenn;unless 
IT Milestones;2 - Computer hardware;Hardware; sich erkundigen, anfragen;to enquire 
IT Milestones;2 - Computer hardware;Hardware; tauschen;to swap 
IT Milestones;2 - Computer hardware;Hardware; Anfrage;enquiry 
IT Milestones;2 - Computer hardware;Hardware; vorlegen, einreichen,unterbreiten;to submit 
IT Milestones;2 - Computer hardware;Hardware; entsprechend,dazugehörig;corresponding 
IT Milestones;2 - Computer hardware;Hardware; Angebot;offer 
IT Milestones;2 - Computer hardware;Hardware; Peripheriegeräte;peripheral devices 
IT Milestones;2 - Computer hardware;Hardware; montieren, zusammenbauen;to assemble 
IT Milestones;3 - Storing data;Hardware;Speichergeräte, Datenspeicher;storage devices
IT Milestones;3 - Storing data;Hardware;überschreibar;rewritable
IT Milestones;3 - Storing data;Hardware;flüchtig;volatile
IT Milestones;3 - Storing data;Hardware;löschbar;erasable
IT Milestones;3 - Storing data;Hardware;Inhalt;contents
IT Milestones;3 - Storing data;Hardware;laut, gemäß;according to
IT Milestones;3 - Storing data;Hardware;anfällig;fragile
IT Milestones;3 - Storing data;Hardware;beschädigen, korrumpieren;to corrupt
IT Milestones;3 - Storing data;Hardware; Flash-Speicher;flash memory 
IT Milestones;3 - Storing data;Hardware; Festplatte;hard disk drive 
IT Milestones;3 - Storing data;Hardware; Diskettenlaufwerk;floppy disk drive 
IT Milestones;3 - Storing data;Hardware; holographisch;holographic 
IT Milestones;3 - Storing data;Hardware; Gerücht;rumour 
IT Milestones;3 - Storing data;Hardware; absuchen;to scan 
IT Milestones;3 - Storing data;Hardware; Strahl;beam 
IT Milestones;3 - Storing data;Hardware; unwahrscheinlich;unlikely 
IT Milestones;3 - Storing data;Hardware; Gehirn;brain 
IT Milestones;3 - Storing data;Hardware; Molekülkette;molecule chain 
IT Milestones;3 - Storing data;Hardware; vermarktungsreif;market ready 
IT Milestones;3 - Storing data;Hardware; verschlüsseln, kodieren;to encode 
IT Milestones;3 - Storing data;Hardware; lächerlich;laughable 
IT Milestones;3 - Storing data;Hardware; das Wesentliche;gist 
IT Milestones;3 - Storing data;Hardware; Suchmaschine;search engine 
IT Milestones;3 - Storing data;Hardware;relationale Datenbank;relational database 
IT Milestones;3 - Storing data;Hardware; Grundlagen;foundations 
IT Milestones;3 - Storing data;Hardware; Maskottchen;mascot 
IT Milestones;3 - Storing data;Hardware; Quellcode;source code 
IT Milestones;3 - Storing data;Hardware; Änderung;alteration 
IT Milestones;3 - Storing data;Hardware; Rahmenwerk, Rahmenbedingungen;framework 
IT Milestones;3 - Storing data;Hardware; Werkzeugkiste;toolbox 
IT Milestones;3 - Storing data;Hardware; in die Lage versetzen;to enable 
IT Milestones;3 - Storing data;Hardware; Anhäufung, Gruppe;cluster 
IT Milestones;3 - Storing data;Hardware; ersetzen;to replace 
IT Milestones;3 - Storing data;Hardware; handhaben, erledigen,bearbeiten;to handle 
IT Milestones;3 - Storing data;Hardware; sammeln, zusammentragen;to gather 
IT Milestones;3 - Storing data;Hardware; das Internet durchsuchen;to crawl the Internet 
IT Milestones;3 - Storing data;Hardware; neu anordnen;to restructure 
IT Milestones;3 - Storing data;Hardware; beseitigen, entfernen, eliminieren;to eliminate 
IT Milestones;3 - Storing data;Hardware;verdichten;to boil down 
IT Milestones;3 - Storing data;Hardware; Auswirkung, Folge;implication 
IT Milestones;4 - BIOS and operating systems;Software; Basis-Eingabe-Ausgabe-System;BIOS 
IT Milestones;4 - BIOS and operating systems;Software; Betriebssystem;operating system 
IT Milestones;4 - BIOS and operating systems;Software; Software in einem persistenten Speicherbaustein;firmware 
IT Milestones;4 - BIOS and operating systems;Software; Zugang;access 
IT Milestones;4 - BIOS and operating systems;Software;Hauptplatine;motherboard 
IT Milestones;4 - BIOS and operating systems;Software; Einrichtung, aufsetzen;setup 
IT Milestones;4 - BIOS and operating systems;Software;Pfeiltaste;arrow key 
IT Milestones;4 - BIOS and operating systems;Software; Energieverbrauch;energy consumption 
IT Milestones;4 - BIOS and operating systems;Software; auswählen;to select 
IT Milestones;4 - BIOS and operating systems;Software;betriebssichere Konfiguration;fail-safe configuration
IT Milestones;4 - BIOS and operating systems;Software; Eintrag;entry 
IT Milestones;4 - BIOS and operating systems;Software; schützen;to protect 
IT Milestones;4 - BIOS and operating systems;Software;unberechtigter Zugriff;unauthorized access 
IT Milestones;4 - BIOS and operating systems;Software; lösen;to solve 
IT Milestones;4 - BIOS and operating systems;Software; lösen;to resolve 
IT Milestones;4 - BIOS and operating systems;Software; Schritt;step 
IT Milestones;4 - BIOS and operating systems;Software; ausführen;to execute 
IT Milestones;4 - BIOS and operating systems;Software; maßgeschneidert;tailor-made 
IT Milestones;4 - BIOS and operating systems;Software;Hauptprozessor;central processing unit 
IT Milestones;4 - BIOS and operating systems;Software; Anweisung;instruction 
IT Milestones;4 - BIOS and operating systems;Software; verfolgen,;to keep track of 
IT Milestones;4 - BIOS and operating systems;Software;kontrollieren;kontrollieren
IT Milestones;4 - BIOS and operating systems;Software;Maschinensprache;machine code 
IT Milestones;4 - BIOS and operating systems;Software;Einstellung;setting
IT Milestones;4 - BIOS and operating systems;Software; darstellen, bilden;to constitute 
IT Milestones;4 - BIOS and operating systems;Software;intialisieren;to initialize
IT Milestones;4 - BIOS and operating systems;Software;für Zugriff verfügbar, zugreifbar;accessible 
IT Milestones;4 - BIOS and operating systems;Software; unbeabsichtigt;accidentally 
IT Milestones;4 - BIOS and operating systems;Software; überschreiben;to overwrite 
IT Milestones;4 - BIOS and operating systems;Software; Konfigurationsdatei;configuration file 
IT Milestones;4 - BIOS and operating systems;Software; Beispielinstallation;model installation 
IT Milestones;4 - BIOS and operating systems;Software; löschen;to delete 
IT Milestones;4 - BIOS and operating systems;Software; Liste von Betriebssystemen;boot menu list 
IT Milestones;4 - BIOS and operating systems;Software; hinweisen auf;to point out 
IT Milestones;4 - BIOS and operating systems;Software; Standard-Bootloader;default bootloader 
IT Milestones;4 - BIOS and operating systems;Software; Textaufbereitungsprogramm, Textbearbeitungsprogramm;text editor 
IT Milestones;4 - BIOS and operating systems;Software; anfügen;to append 
IT Milestones;4 - BIOS and operating systems;Software; Leimstift;glue stick
IT Milestones;4 - BIOS and operating systems;Software; Fehler;error
IT Milestones;4 - BIOS and operating systems;Software; etwas ergibt Sinn;something makes sense
